PCRC,PROVEEDOR,Periodo,Tiempo ACW in,Tiempo Saliente,Tiempo TT,Tiempo Hold,Q TMO,REP 1L,REP 2L,RetencionTransf,TecnicaTransfResto,TecnicaTransfPrio,ComplejasTransf,Q llamadas,Promotores,detractor,Q meda,Res si,Q Res,Q SPL30 Reiterados,Q SPL48 Reiterados,Q SPL7 Reiterados,Q SPL Atendidos
1L CONV ON BOARDING DUAL,KONECTA ARGENTINA,2025-08-01,527650,291434,9163213,833864,21535,44,106,6,39,91,8,21531,435,147,671,548,671,1063,3552,5109,21378
1L CONV ON BOARDING DUAL,KONECTA ARGENTINA,2025-09-01,490497,223966,9442511,616115,24149,75,126,,71,126,,24169,589,183,895,739,895,1251,3868,5594,23968
1L CONV ON BOARDING DUAL,KONECTA ARGENTINA,2025-10-01,867205,662957,15051984,1125137,34559,23,294,,,289,,34563,873,276,1347,1102,1347,1729,5878,8273,34241
1L CONV ON BOARDING DUAL,KONECTA ARGENTINA,2025-11-01,791728,708294,13399510,1081283,30746,22,275,,,274,,30767,808,208,1200,975,1196,1679,5457,7490,30457
1L CONV ON BOARDING DUAL,KONECTA ARGENTINA,2025-12-01,814908,620533,13635393,914515,31312,8,347,,,347,,31318,674,219,1008,812,1000,2088,5784,7615,30976
1L CONV ON BOARDING DUAL,KONECTA ARGENTINA,2026-01-01,944515,597054,14965450,1112758,33860,7,278,,,278,,33862,704,254,1082,841,1075,2232,6381,8701,33558
1L CONV ON BOARDING DUAL,KONECTA ARGENTINA,2026-02-01,939191,577035,14000736,941573,31296,12,322,,,322,,31332,467,186,756,575,749,2163,6419,8566,31003
1L CONV ON BOARDING DUAL,KONECTA ARGENTINA,2026-03-01,986248,678581,17259851,998155,40024,13,339,,,339,,40052,605,209,944,735,929,2842,8276,10813,39651
1L CONV ON BOARDING DUAL,KONECTA ARGENTINA,2026-04-01,982209,599968,17537196,852225,39059,3,334,5,,328,1,39105,658,234,1037,829,1028,2551,7691,10304,38754
1L CONV ON BOARDING DUAL,KONECTA ARGENTINA,2026-05-01,988719,646636,16715119,870536,36647,6,254,,,254,,36980,586,190,881,676,840,2332,7018,9477,36687
1L CONV ON BOARDING DUAL,KONECTA ARGENTINA,2026-06-01,1013404,582895,18083284,1148986,38947,6,262,,,262,,38971,540,173,798,609,759,2370,7128,9761,38658
1L CONV ON BOARDING DUAL,KONECTA ARGENTINA,2026-07-01,823184,462556,16376378,896990,35399,4,202,,,202,,35347,514,138,771,622,763,2085,6328,8732,35080
1L CONV ON BOARDING DUAL,KONECTA ARGENTINA,2026-08-01,917779,485777,17038292,976064,36107,5,221,,,220,,36156,547,166,823,669,810,2030,6577,9096,35881
1L CONV ON BOARDING DUAL,KONECTA ARGENTINA,2026-09-01,664656,369435,12039504,773976,25544,2,146,,,146,,26837,451,132,652,521,643,1330,4447,6002,26658
1L CONV OVERNIGHT DUAL,KONECTA ARGENTINA,2025-01-01,103493,41385,1413727,53543,6236,,,,,,,6231,61,26,96,68,96,820,2198,2593,6230
1L CONV OVERNIGHT DUAL,KONECTA ARGENTINA,2025-02-01,105515,38847,1411966,57548,6319,,,,,,,6308,50,22,80,65,80,924,2325,2736,6308
1L CONV OVERNIGHT DUAL,KONECTA ARGENTINA,2025-03-01,88573,52257,1314512,54627,5915,,,,,,,5809,64,22,95,72,95,783,2117,2501,5920
1L CONV OVERNIGHT DUAL,KONECTA ARGENTINA,2025-04-01,72844,38508,1149301,37670,4880,,,,,,,4878,61,26,100,80,100,658,1673,1995,4878
1L CONV OVERNIGHT DUAL,KONECTA ARGENTINA,2025-05-01,75956,51884,1239085,48732,5264,,,,,,,5274,53,22,84,58,84,741,1887,2238,5274
1L CONV OVERNIGHT DUAL,KONECTA ARGENTINA,2025-06-01,77178,28644,1102136,54043,5035,,,,,,,5036,41,24,68,46,68,629,1835,2200,5036
1L CONV OVERNIGHT DUAL,KONECTA ARGENTINA,2025-07-01,78843,36507,1267704,50574,5286,,,,,,,5314,46,24,73,53,73,663,1954,2332,5312
1L CONV OVERNIGHT DUAL,KONECTA ARGENTINA,2025-08-01,63498,49832,1134519,37710,4501,,,,,,,4500,43,17,70,53,70,514,1489,1807,4499
1L CONV OVERNIGHT DUAL,KONECTA ARGENTINA,2025-09-01,57216,34000,1035811,32760,4390,,,,,,,4399,51,17,75,61,75,558,1540,1824,4399
1L CONV OVERNIGHT DUAL,KONECTA ARGENTINA,2025-10-01,70553,29398,1057570,32990,4593,,,,,,,4533,57,18,82,65,82,563,1618,1937,4533
1L CONV OVERNIGHT DUAL,KONECTA ARGENTINA,2025-11-01,71750,29541,1058316,33564,4587,,,,,,,4602,38,16,60,43,59,542,1593,1902,4602
1L CONV OVERNIGHT DUAL,KONECTA ARGENTINA,2025-12-01,87657,39373,1335912,52821,5541,,,,,,,5550,48,20,74,57,73,683,1891,2265,5548
1L CONV OVERNIGHT DUAL,KONECTA ARGENTINA,2026-01-01,83941,33070,1150621,34846,4837,,,,,,,4840,44,21,70,52,70,573,1694,2058,4838
1L CONV OVERNIGHT DUAL,KONECTA ARGENTINA,2026-02-01,78491,22365,1080756,50777,4451,,,,,,,4452,27,15,50,35,49,526,1614,1934,4450
1L CONV OVERNIGHT DUAL,KONECTA ARGENTINA,2026-03-01,70801,17396,992648,28323,4532,,,,,,,4549,25,10,38,31,37,636,1727,1994,4543
1L CONV OVERNIGHT DUAL,KONECTA ARGENTINA,2026-04-01,76242,24443,1135007,35614,4972,,,,,,,4990,37,12,57,44,56,694,1885,2218,4984
1L CONV OVERNIGHT DUAL,KONECTA ARGENTINA,2026-05-01,67774,17728,1007036,33128,4522,,,,,,,4549,25,9,39,29,37,658,1759,2020,4541
1L CONV OVERNIGHT DUAL,KONECTA ARGENTINA,2026-06-01,59300,14924,948811,28325,4193,,,,,,,4266,24,13,40,27,37,582,1524,1792,4262
1L CONV OVERNIGHT DUAL,KONECTA ARGENTINA,2026-07-01,70776,21589,1094275,36875,4912,,,,,,,4921,34,14,49,32,46,729,1797,2124,4909
1L CONV OVERNIGHT DUAL,KONECTA ARGENTINA,2026-08-01,72082,15001,1178925,34246,5009,,,,,,,5014,23,6,32,27,32,727,1947,2308,5007
1L CONV OVERNIGHT DUAL,KONECTA ARGENTINA,2026-09-01,42693,21029,810333,15462,2776,,,,,,,2901,25,3,34,29,33,321,970,1138,2901
1L CONV PRIORITY DUAL,ATENTO ARGENTINA,2025-01-01,1881905,1329581,36661171,4309014,80792,230,1390,5,2,1377,3,80747,2281,719,3580,2852,3580,3907,12862,18566,79092
1L CONV PRIORITY DUAL,ATENTO ARGENTINA,2025-02-01,1448820,1108866,29754894,3246129,64542,263,1250,9,,1228,12,63904,1596,467,2460,1979,2460,3243,11164,15575,62364
1L CONV PRIORITY DUAL,ATENTO ARGENTINA,2025-03-01,1324905,831094,26124345,3274613,58558,374,1221,1,,1209,10,55638,1312,407,2054,1625,2054,3125,10292,14371,56758
1L CONV PRIORITY DUAL,ATENTO ARGENTINA,2025-04-01,1277399,936435,25961296,3092590,58209,197,1269,1,,1263,4,58127,1267,417,2029,1600,2029,3187,10492,14298,56626
1L CONV PRIORITY DUAL,ATENTO ARGENTINA,2025-05-01,1248028,990922,25177837,2773653,54790,215,1141,2,16,1127,8,54530,1441,348,2103,1769,2103,2752,9413,13152,53160
1L CONV PRIORITY DUAL,ATENTO ARGENTINA,2025-06-01,1266069,904396,24597516,3254495,56130,220,1354,6,35,1340,6,56037,1439,422,2197,1795,2197,2739,10366,14353,54451
1L CONV PRIORITY DUAL,ATENTO ARGENTINA,2025-07-01,1463384,1018197,29435460,4418285,63542,227,1511,1,16,1507,1,63499,2072,509,3089,2544,3089,3056,11474,16032,61757
1L CONV PRIORITY DUAL,ATENTO ARGENTINA,2025-08-01,1240694,1029709,25246844,3058959,54662,134,1335,,4,1330,1,54566,1834,435,2685,2239,2685,2728,9045,12991,53070
1L CONV PRIORITY DUAL,ATENTO ARGENTINA,2025-09-01,1156504,957788,24687980,3142621,54303,153,1435,,20,1430,1,54300,1850,430,2682,2251,2682,2665,8876,12533,52693
1L CONV PRIORITY DUAL,ATENTO ARGENTINA,2025-10-01,938670,791487,20310856,2637268,45155,132,1197,1,12,1183,11,44863,1342,371,2020,1607,2020,2248,7628,10498,43520
1L CONV PRIORITY DUAL,ATENTO ARGENTINA,2025-11-01,1044949,831109,21791990,2833365,48285,121,1374,1,16,1362,9,48039,1482,368,2190,1789,2178,2544,8366,11555,46529
1L CONV PRIORITY DUAL,ATENTO ARGENTINA,2025-12-01,938790,771529,20153844,2893159,44396,143,1328,23,31,1303,1,44321,1291,343,1926,1555,1912,2316,7337,9970,42845
1L CONV PRIORITY DUAL,ATENTO ARGENTINA,2026-01-01,1008805,978870,24383792,3260041,52691,146,1225,45,19,1178,1,52595,1363,352,2043,1641,2018,2563,8555,12114,51195
1L CONV PRIORITY DUAL,ATENTO ARGENTINA,2026-02-01,929738,745465,22079138,2770084,45509,92,1239,4,1,1233,,45437,1136,279,1662,1386,1652,1860,7612,10815,44100
1L CONV PRIORITY DUAL,ATENTO ARGENTINA,2026-03-01,872848,620733,19755356,2169888,42672,89,932,22,2,906,,42675,1018,252,1472,1214,1458,2266,7477,10398,41606
1L CONV PRIORITY DUAL,ATENTO ARGENTINA,2026-04-01,1053553,803552,24315453,3106561,52377,143,2270,686,59,1561,16,52387,1295,309,1906,1604,1892,2462,8556,12131,50043
1L CONV PRIORITY DUAL,ATENTO ARGENTINA,2026-05-01,928129,775663,22808942,2427861,47908,67,1586,261,,1302,22,48146,1147,235,1661,1336,1567,2161,7155,10330,46457
1L CONV PRIORITY DUAL,ATENTO ARGENTINA,2026-06-01,953152,749156,23139460,2440272,49792,74,2917,1258,,1499,154,49848,1021,220,1472,1170,1373,2216,7314,10367,46859
1L CONV PRIORITY DUAL,ATENTO ARGENTINA,2026-07-01,1039962,692675,23920362,2703787,52615,57,3059,1260,1,1576,219,52222,1116,236,1593,1337,1574,2374,7388,10631,49073
1L CONV PRIORITY DUAL,ATENTO ARGENTINA,2026-08-01,1093334,805866,25245638,2851138,53301,50,2821,1007,,1644,169,53294,1319,345,1983,1635,1961,2147,7782,11144,50391
1L CONV PRIORITY DUAL,ATENTO ARGENTINA,2026-09-01,800258,556240,19323971,2061348,39510,34,2094,923,1,967,202,41870,923,222,1342,1124,1327,1706,6474,8734,39696
1L CONV PRIORITY DUAL,KONECTA ARGENTINA,2025-01-01,5269382,2605546,58692128,4776393,115109,78,621,,1,616,,115015,3448,949,5216,4300,5216,5716,18180,26696,113122
1L CONV PRIORITY DUAL,KONECTA ARGENTINA,2025-02-01,4281631,2226959,48466630,3519203,93310,59,644,,,643,,93230,2787,688,4132,3454,4132,4550,16013,22667,92502
1L CONV PRIORITY DUAL,KONECTA ARGENTINA,2025-03-01,3805812,1983962,44117711,3462172,84967,44,517,,,517,,80624,2306,653,3542,2910,3542,4294,14538,20813,84056
1L CONV PRIORITY DUAL,KONECTA ARGENTINA,2025-04-01,3459234,1711819,39777719,2844193,75527,39,462,,,462,,74298,2086,497,3080,2572,3080,3555,12486,17863,73769
1L CONV PRIORITY DUAL,KONECTA ARGENTINA,2025-05-01,3491468,1830541,39320395,2705573,74475,37,514,2,,512,,74378,2331,498,3327,2826,3327,3494,12278,17611,73801
1L CONV PRIORITY DUAL,KONECTA ARGENTINA,2025-06-01,3074139,1837507,34290649,2567316,67190,43,619,2,,617,,67115,1857,459,2722,2247,2722,3296,11730,16531,66425
1L CONV PRIORITY DUAL,KONECTA ARGENTINA,2025-07-01,3399064,1740950,37619299,2890522,72918,54,670,,,670,,72816,2173,536,3160,2629,3160,3486,12976,18497,72054
1L CONV PRIORITY DUAL,KONECTA ARGENTINA,2025-08-01,2233736,1078725,32034489,1976627,64372,35,534,,,533,,64297,2059,476,2971,2486,2971,3136,10241,15104,63695
1L CONV PRIORITY DUAL,KONECTA ARGENTINA,2025-09-01,2274837,1085530,32791697,2201454,65159,38,483,,2,483,,65096,2125,510,3073,2573,3073,3220,10522,15222,64545
1L CONV PRIORITY DUAL,KONECTA ARGENTINA,2025-10-01,1916808,862873,25642991,1949968,51764,27,401,,,401,,51703,1468,392,2173,1781,2173,2637,8643,12195,51258
1L CONV PRIORITY DUAL,KONECTA ARGENTINA,2025-11-01,1705346,714583,21312002,1696965,43180,22,363,,,363,,43112,1293,332,1865,1537,1856,2375,7649,10560,42708
1L CONV PRIORITY DUAL,KONECTA ARGENTINA,2025-12-01,1618915,710575,20724795,1606940,42023,32,437,2,,435,,41980,1149,317,1701,1389,1692,2344,7128,9769,41498
1L CONV PRIORITY DUAL,KONECTA ARGENTINA,2026-01-01,1809435,584713,22115863,1857025,44857,21,480,52,,427,1,44816,1207,345,1816,1466,1793,2476,7724,10946,44298
1L CONV PRIORITY DUAL,KONECTA ARGENTINA,2026-02-01,1677152,519121,23320015,1847962,44173,16,738,212,,522,1,44118,1031,315,1586,1280,1567,2307,7871,11159,43358
1L CONV PRIORITY DUAL,KONECTA ARGENTINA,2026-03-01,1612097,575197,25661084,1873099,51711,16,963,385,,576,,51804,1255,316,1797,1489,1781,3165,9333,12838,50752
1L CONV PRIORITY DUAL,KONECTA ARGENTINA,2026-04-01,1933568,646539,26906340,2441541,54754,12,1012,341,,668,1,54253,1234,316,1822,1524,1807,3182,9688,13571,53206
1L CONV PRIORITY DUAL,KONECTA ARGENTINA,2026-05-01,1844345,794332,25156890,2481989,49304,6,578,,,576,2,49392,1134,269,1649,1325,1554,2958,8426,11807,48718
1L CONV PRIORITY DUAL,KONECTA ARGENTINA,2026-06-01,1631584,626933,26492631,2308591,51067,12,586,,,585,1,50943,1108,284,1604,1275,1531,2874,8308,11768,50278
1L CONV PRIORITY DUAL,KONECTA ARGENTINA,2026-07-01,1389138,723819,25268332,1844713,50309,14,1286,623,,636,26,50363,1046,212,1477,1268,1466,2833,7870,11323,49005
1L CONV PRIORITY DUAL,KONECTA ARGENTINA,2026-08-01,1571416,534297,27222081,2008336,52439,34,1877,1016,,793,66,52487,1243,296,1804,1514,1779,2491,7826,11290,50512
1L CONV PRIORITY DUAL,KONECTA ARGENTINA,2026-09-01,1107400,367690,19963724,1550426,37796,8,1229,631,1,538,53,39826,835,204,1222,1034,1213,1898,6490,8648,38564
1L CONV PRIORITY DUAL,KONECTA PERU,2025-10-01,235212,213103,15109178,2898023,27566,28,576,17,5,546,13,27067,681,249,1113,833,1113,1826,5632,7475,26458
1L CONV PRIORITY DUAL,KONECTA PERU,2025-11-01,205821,178532,11318461,1963678,23646,14,521,,,521,,23677,550,222,925,700,923,1507,4886,6529,23132
1L CONV PRIORITY DUAL,KONECTA PERU,2025-12-01,207955,117947,9565379,1918699,20613,10,539,,,539,,20619,516,184,816,616,807,1351,4026,5222,20077
1L CONV PRIORITY DUAL,KONECTA PERU,2026-01-01,215765,84390,9628110,1877997,19765,19,407,3,1,403,1,19788,453,129,699,546,695,1172,3704,5106,19344
1L CONV PRIORITY DUAL,KONECTA PERU,2026-02-01,208366,68346,8972369,1354630,17945,9,320,1,,319,,17922,381,113,584,463,581,801,3352,4735,17588
1L CONV PRIORITY DUAL,KONECTA PERU,2026-03-01,277425,178124,15697266,2106075,30220,27,475,3,4,471,,30229,596,170,883,696,874,1870,5822,7976,29691
1L CONV PRIORITY DUAL,KONECTA PERU,2026-04-01,248463,177384,17463923,1930130,35388,12,331,5,3,326,,35411,742,180,1050,892,1045,1946,6366,8806,35019
1L CONV PRIORITY DUAL,KONECTA PERU,2026-05-01,237261,110535,16648237,1607964,34584,5,252,,,248,4,34860,590,154,869,689,827,1910,6036,8384,34571
1L CONV PRIORITY DUAL,KONECTA PERU,2026-06-01,227941,131491,15487852,1716709,31372,3,258,,,258,,31239,460,113,674,536,635,1628,5301,7336,30965
1L CONV PRIORITY DUAL,KONECTA PERU,2026-07-01,232560,181294,14314675,1538636,30535,3,201,,,201,,30481,512,115,724,600,713,1563,4804,6770,30246
1L CONV PRIORITY DUAL,KONECTA PERU,2026-08-01,233879,175928,17011888,1840822,32938,1,203,,,203,,32812,539,126,788,669,783,1551,5045,7179,32597
1L CONV PRIORITY DUAL,KONECTA PERU,2026-09-01,214292,139525,14051180,1254255,27099,5,164,1,,163,,28641,431,131,652,527,648,1345,4498,6049,28450
1L CONV PRIORITY DUAL,MOVISTAR,2025-01-01,663726,149099,6429209,1450366,15185,701,305,,,305,,15203,419,127,631,510,631,854,2359,3284,14196
1L CONV PRIORITY DUAL,MOVISTAR,2025-02-01,535453,142231,5315975,1160326,12620,593,276,,1,276,,12631,299,95,461,366,461,613,2076,2854,11763
1L CONV PRIORITY DUAL,MOVISTAR,2025-03-01,325918,98522,3309709,689592,7955,393,137,,,137,,7463,180,55,286,231,286,422,1329,1839,7369
1L CONV PRIORITY DUAL,MOVISTAR,2025-04-01,787635,194312,7867493,1742679,18623,929,319,,,319,,18625,393,112,608,500,608,1009,3073,4182,17392
1L CONV PRIORITY DUAL,MOVISTAR,2025-05-01,738949,216600,7672704,1446617,17292,647,299,,,299,,17263,451,107,664,545,664,891,2909,3997,16313
1L CONV PRIORITY DUAL,MOVISTAR,2025-06-01,550091,154879,5823737,1071197,13502,544,216,,,216,,13492,335,95,508,405,508,621,2185,3064,12735
1L CONV PRIORITY DUAL,MOVISTAR,2025-07-01,685414,177915,6978584,1262695,16997,603,166,,,166,,16970,376,129,611,478,611,891,2970,4137,16205
1L CONV PRIORITY DUAL,MOVISTAR,2025-08-01,521913,118354,5564159,888154,13217,457,132,19,3,113,,13215,371,89,556,468,556,667,2068,2919,12623
1L CONV PRIORITY DUAL,MOVISTAR,2025-09-01,575747,163417,6377721,929691,14745,474,168,15,5,152,1,14734,433,116,646,523,646,789,2345,3346,14090
1L CONV PRIORITY DUAL,MOVISTAR,2025-10-01,668807,139494,6907789,1193765,16746,510,236,,,236,,16730,411,151,654,515,654,886,2784,3757,15981
1L CONV PRIORITY DUAL,MOVISTAR,2025-11-01,515183,126445,5121557,1026018,13233,382,182,,,182,,12973,316,91,476,381,475,748,2179,2962,12405
1L CONV PRIORITY DUAL,MOVISTAR,2025-12-01,487771,123991,5423545,1141139,13400,384,219,,,219,,13388,269,107,437,316,436,722,2189,2888,12792
1L CONV PRIORITY DUAL,MOVISTAR,2026-01-01,617487,141755,6425164,1175398,15507,508,217,,,217,,15471,327,117,521,405,515,881,2640,3541,14739
1L CONV PRIORITY DUAL,MOVISTAR,2026-02-01,521104,134886,5622948,1147378,12838,421,239,,,239,,12813,244,57,362,301,358,614,2150,2952,12157
1L CONV PRIORITY DUAL,MOVISTAR,2026-03-01,620334,115718,6916558,1401083,15756,19,210,,15,210,,15752,351,89,514,437,511,815,2593,3566,15516
1L CONV PRIORITY DUAL,MOVISTAR,2026-04-01,686697,113337,7065520,1295133,15523,10,224,,7,220,4,15527,341,89,511,427,505,709,2413,3419,15277
1L CONV PRIORITY DUAL,MOVISTAR,2026-05-01,555427,97603,5981163,1077204,13227,8,138,,4,134,4,13218,240,69,373,302,363,618,2066,2807,13061
1L CONV PRIORITY DUAL,MOVISTAR,2026-06-01,499670,128214,5452936,1088921,12134,13,134,,,134,,12124,229,55,336,251,307,543,1788,2555,11966
1L CONV PRIORITY DUAL,MOVISTAR,2026-07-01,471614,97420,4952437,904233,11031,2,105,,,105,,11014,207,50,314,270,313,484,1456,2164,10901
1L CONV PRIORITY DUAL,MOVISTAR,2026-08-01,433397,84983,4608246,899784,10051,4,121,,,121,,9644,261,52,375,325,373,375,1285,1870,9902
1L CONV PRIORITY DUAL,MOVISTAR,2026-09-01,288976,41525,2968924,575745,6704,2,59,,,59,,7062,116,23,156,133,155,261,901,1258,7000
1L CONVERGENTE COM,ATENTO ARGENTINA,2025-01-01,1311058,943242,36016327,3354687,99741,1436,12804,8742,1199,177,3863,98360,1735,668,2880,2249,2880,4999,15206,21611,84032
1L CONVERGENTE COM,ATENTO ARGENTINA,2025-02-01,1022016,804804,27255350,1856087,78266,1158,9664,6304,934,151,3185,77943,1339,553,2235,1712,2235,4065,12540,17182,67223
1L CONVERGENTE COM,ATENTO ARGENTINA,2025-03-01,1196443,693847,27399736,2341458,80060,1323,9948,6805,1122,191,2937,75415,1310,463,2058,1592,2058,4256,12760,17752,67475
1L CONVERGENTE COM,ATENTO ARGENTINA,2025-04-01,1255429,627992,27093359,3077297,79922,1453,10629,7064,1264,160,3369,79662,1148,462,1892,1443,1892,4358,12517,17230,67671
1L CONVERGENTE COM,ATENTO ARGENTINA,2025-05-01,996507,600188,22074100,2295814,64193,1217,8175,5350,1041,128,2688,64040,1139,409,1854,1440,1854,3975,11017,15066,54804
1L CONVERGENTE COM,ATENTO ARGENTINA,2025-06-01,798124,488760,15744494,1543794,47590,1018,5480,3723,928,114,1643,47528,815,315,1328,1026,1328,3490,9382,12237,41067
1L CONVERGENTE COM,ATENTO ARGENTINA,2025-07-01,1137721,495835,21190949,2785723,60208,1323,7194,4547,1176,144,2497,60106,1057,357,1712,1353,1712,3684,10767,14660,51691
1L CONVERGENTE COM,ATENTO ARGENTINA,2025-08-01,813397,574274,17274243,1694755,50960,794,6297,4290,694,163,1837,50905,901,295,1412,1129,1412,3484,8943,12300,43837
1L CONVERGENTE COM,ATENTO ARGENTINA,2025-09-01,653189,508985,14959875,1456520,44328,653,5581,3733,565,125,1710,42736,754,284,1232,953,1232,3237,7848,10557,36566
1L CONVERGENTE COM,ATENTO ARGENTINA,2025-10-01,779461,487332,16656605,1790741,48960,921,6452,3881,709,208,2320,48687,764,332,1302,968,1302,3464,8754,11734,41379
1L CONVERGENTE COM,ATENTO ARGENTINA,2025-11-01,952357,366573,18780136,2231354,53411,1104,7383,4459,890,242,2562,53232,873,305,1383,1077,1373,3604,9183,12434,44942
1L CONVERGENTE COM,ATENTO ARGENTINA,2025-12-01,1232152,540328,25859407,2939486,70580,1361,9266,5499,1169,295,3287,70329,1109,421,1783,1358,1763,4998,12264,16264,59977
1L CONVERGENTE COM,ATENTO ARGENTINA,2026-01-01,1328065,642772,28138212,2706170,77512,1266,11072,7177,1069,332,3368,77073,1112,395,1780,1365,1766,5492,13539,18168,65005
1L CONVERGENTE COM,ATENTO ARGENTINA,2026-02-01,1214190,517825,22286653,2044760,60104,709,8570,5307,615,335,2795,59992,834,367,1394,1011,1381,3914,10869,14644,50890
1L CONVERGENTE COM,ATENTO ARGENTINA,2026-03-01,1454644,571704,26777961,2417834,74514,749,11370,7594,672,380,3362,73048,923,418,1631,1207,1620,5045,13175,17384,61060
1L CONVERGENTE COM,ATENTO ARGENTINA,2026-04-01,1290383,626790,22555155,1729312,62837,431,8983,5673,374,264,3013,62828,828,338,1369,1025,1357,4390,11621,15532,53966
1L CONVERGENTE COM,ATENTO ARGENTINA,2026-05-01,1009315,429827,16316079,1277861,46196,255,6736,4440,238,182,2110,46393,595,229,952,674,898,3103,8165,11066,39455
1L CONVERGENTE COM,ATENTO ARGENTINA,2026-06-01,1007361,394372,16689045,1326546,45989,274,7210,4761,241,161,2287,45737,516,199,830,601,780,2703,7327,10032,38334
1L CONVERGENTE COM,ATENTO ARGENTINA,2026-07-01,1043506,438313,17891089,1488224,51038,365,8338,5468,322,171,2693,50676,636,225,1014,776,1004,3299,8020,10821,41948
1L CONVERGENTE COM,ATENTO ARGENTINA,2026-08-01,1104852,559697,19899539,1741426,55681,278,9189,6218,245,145,2823,55452,724,222,1114,884,1105,3279,8694,11871,46035
1L CONVERGENTE COM,ATENTO ARGENTINA,2026-09-01,735631,454782,13371393,1081471,37752,130,6614,4589,101,141,1883,39756,468,145,712,548,702,2277,6036,7807,33022
1L CONVERGENTE COM,GSS ARGENTINA,2025-01-01,744690,997410,35171596,5810333,83813,328,12808,10077,280,48,2683,81602,1431,545,2346,1814,2346,3364,11642,17113,68503
1L CONVERGENTE COM,GSS ARGENTINA,2025-02-01,604010,898771,32032049,4546167,80201,339,12671,9986,306,29,2656,79911,1301,481,2127,1658,2127,3413,11614,16372,66950
1L CONVERGENTE COM,GSS ARGENTINA,2025-03-01,545673,803270,28069989,3736254,70858,344,10986,8311,326,37,2638,66872,1198,430,1907,1492,1907,3159,10443,15114,58445
1L CONVERGENTE COM,GSS ARGENTINA,2025-04-01,616876,870295,28840819,3373151,70856,378,12368,9393,365,27,2948,70591,1084,396,1761,1368,1761,3010,10362,14858,57909
1L CONVERGENTE COM,GSS ARGENTINA,2025-05-01,534024,960425,29163138,3783841,69623,330,11235,8711,318,73,2451,67526,1085,408,1774,1372,1774,2895,10138,14596,56062
1L CONVERGENTE COM,GSS ARGENTINA,2025-06-01,483867,887322,26187422,3304657,64279,354,10937,8479,343,113,2345,64127,1099,357,1724,1371,1724,2790,9922,13933,52887
1L CONVERGENTE COM,GSS ARGENTINA,2025-07-01,529243,945940,29061258,3814755,68530,419,12526,9582,412,106,2838,68347,1205,351,1840,1471,1840,2928,10389,14806,55501
1L CONVERGENTE COM,GSS ARGENTINA,2025-08-01,404271,560969,22225967,2120567,53415,343,8954,6932,333,59,1958,53397,882,268,1364,1101,1364,2639,8040,11743,44121
1L CONVERGENTE COM,GSS ARGENTINA,2025-09-01,382407,564736,20857267,1774133,53568,385,8723,6919,374,102,1702,52242,944,269,1433,1156,1433,2847,8083,11382,43216
1L CONVERGENTE COM,GSS ARGENTINA,2025-10-01,361370,513107,19595507,2042760,50360,389,7869,6240,381,86,1541,48932,987,271,1467,1204,1467,2332,7277,10268,40703
1L CONVERGENTE COM,GSS ARGENTINA,2025-11-01,358251,461308,16765960,1502724,43616,366,6802,5332,355,95,1367,43163,792,235,1206,988,1202,2088,6627,9355,36082
1L CONVERGENTE COM,GSS ARGENTINA,2025-12-01,312735,284295,12046331,1325497,33156,374,5276,4044,362,98,1126,32573,465,134,687,547,684,2025,5390,7132,26978
1L CONVERGENTE COM,GSS ARGENTINA,2026-01-01,353845,297698,12067679,1444142,31523,286,5787,4508,279,57,1208,33822,462,140,703,555,699,1864,5029,6851,25318
1L CONVERGENTE COM,GSS ARGENTINA,2026-02-01,271064,268871,16395901,1079642,38731,266,5288,4095,263,51,1119,38663,331,119,527,411,524,2250,6917,9322,33182
1L CONVERGENTE COM,GSS ARGENTINA,2026-03-01,273811,377905,19124888,387994,45214,357,6596,5066,355,41,1485,44688,666,258,1090,824,1076,2664,7737,10423,37876
1L CONVERGENTE COM,GSS ARGENTINA,2026-04-01,291981,399752,20502950,349004,50397,348,7202,5573,341,43,1571,50329,822,290,1275,981,1266,3036,8629,11785,43195
1L CONVERGENTE COM,GSS ARGENTINA,2026-05-01,277091,365506,18419588,305817,46078,275,6246,4823,269,31,1391,44249,625,212,991,746,949,2564,7423,10240,37777
1L CONVERGENTE COM,GSS ARGENTINA,2026-06-01,287208,361806,18390014,402855,48403,378,7641,5984,370,53,1604,48193,639,195,947,695,888,2636,7317,10263,40253
1L CONVERGENTE COM,GSS ARGENTINA,2026-07-01,330192,363675,19327946,452170,52285,454,8656,6685,449,47,1923,52253,731,201,1087,873,1075,2748,7466,10483,43172
1L CONVERGENTE COM,GSS ARGENTINA,2026-08-01,308720,353437,19363868,440457,51664,417,8418,6279,408,156,1979,51295,738,212,1118,891,1111,2810,7903,10960,42535
1L CONVERGENTE COM,GSS ARGENTINA,2026-09-01,262910,306784,15368812,333489,42473,330,7316,5529,321,130,1657,44657,567,144,829,662,819,2410,6674,8798,37063
1L CONVERGENTE COM,KONECTA ARGENTINA,2025-01-01,3094961,695872,37741881,3933187,99782,1823,16220,11448,1431,267,4421,99522,1248,600,2200,1653,2200,5756,15724,21815,81459
1L CONVERGENTE COM,KONECTA ARGENTINA,2025-02-01,2613327,858154,35118686,3663757,90333,907,14724,10248,718,214,4228,90211,1147,558,2006,1466,2006,4958,14166,19542,74600
1L CONVERGENTE COM,KONECTA ARGENTINA,2025-03-01,2017700,960628,30035995,2803806,77894,481,10185,7154,348,224,2725,71241,1012,452,1746,1311,1746,4405,12449,17299,63110
1L CONVERGENTE COM,KONECTA ARGENTINA,2025-04-01,1887641,737161,28253935,2559461,68571,288,10508,7415,211,303,2738,66368,952,378,1579,1207,1579,3423,10452,14562,55607
1L CONVERGENTE COM,KONECTA ARGENTINA,2025-05-01,1687486,684565,23278851,2251991,56606,193,9113,6379,139,358,2306,56366,1057,336,1637,1310,1637,2969,9120,12824,47217
1L CONVERGENTE COM,KONECTA ARGENTINA,2025-06-01,1266823,397905,16237679,2025048,40560,358,5466,3642,243,284,1523,40498,737,275,1187,929,1187,2386,7210,9754,34691
1L CONVERGENTE COM,KONECTA ARGENTINA,2025-07-01,1274017,377322,15321765,1939717,36847,430,4335,2835,286,148,1343,36775,648,270,1069,815,1069,1960,6379,8929,32037
1L CONVERGENTE COM,KONECTA ARGENTINA,2025-08-01,598600,123833,8306165,703870,22621,348,3030,2185,272,31,806,22613,335,115,535,422,535,1485,4023,5561,19225
1L CONVERGENTE COM,KONECTA ARGENTINA,2025-09-01,745145,245097,11166837,882373,29776,389,4327,3055,316,53,1205,29713,473,167,752,569,752,2273,5480,7325,25009
1L CONVERGENTE COM,KONECTA ARGENTINA,2025-10-01,837787,217243,12029123,1242084,32286,496,4745,3351,391,106,1266,32226,552,179,841,660,841,2347,5779,7770,26984
1L CONVERGENTE COM,KONECTA ARGENTINA,2025-11-01,749677,173514,9698304,1072789,27978,532,3976,2656,405,110,1189,27718,416,137,651,509,649,2024,5225,6995,23259
1L CONVERGENTE COM,KONECTA ARGENTINA,2025-12-01,738639,212532,10543001,1205966,29345,712,4470,2952,597,101,1360,29311,419,140,636,486,628,2408,5500,7002,24217
1L CONVERGENTE COM,KONECTA ARGENTINA,2026-01-01,895207,205737,12046359,1233539,32848,486,4828,3264,402,104,1394,32803,495,159,772,601,765,2591,6153,8113,27595
1L CONVERGENTE COM,KONECTA ARGENTINA,2026-02-01,691288,121459,9526355,988956,24213,396,3654,2167,334,207,1198,24199,399,151,646,492,638,1843,4689,6188,20245
1L CONVERGENTE COM,KONECTA ARGENTINA,2026-03-01,713618,216005,11084946,852008,27945,315,4892,3251,254,163,1451,27963,360,153,608,450,603,1899,4892,6495,22782
1L CONVERGENTE COM,KONECTA ARGENTINA,2026-04-01,631490,261348,10938832,897392,28795,182,4857,3338,157,198,1293,28592,396,154,625,463,619,2214,5274,6987,23838
1L CONVERGENTE COM,KONECTA ARGENTINA,2026-05-01,671013,304717,12425955,1091531,32727,282,6221,4265,240,219,1722,32825,389,145,620,441,583,2233,5602,7545,26386
1L CONVERGENTE COM,KONECTA ARGENTINA,2026-06-01,793718,508566,15863880,1582900,40633,358,8456,5798,322,180,2478,40696,411,155,676,486,637,2903,6731,8882,31983
1L CONVERGENTE COM,KONECTA ARGENTINA,2026-07-01,868506,369058,16681896,1552298,40858,286,7502,5074,247,141,2281,40857,488,159,762,586,756,2434,6142,8395,33071
1L CONVERGENTE COM,KONECTA ARGENTINA,2026-08-01,1127031,306694,18721009,1804358,44234,268,8099,5566,235,181,2350,44210,579,194,910,709,903,2279,6496,9054,35903
1L CONVERGENTE COM,KONECTA ARGENTINA,2026-09-01,717218,283830,11675609,815836,28576,206,5472,3693,176,97,1680,30287,365,105,533,429,528,1535,4322,5682,24634
1L CONVERGENTE COM,KONECTA PERU,2025-04-01,182300,97396,9546579,769653,19076,1017,4251,2793,794,18,1416,19081,141,118,297,174,297,1882,3970,4893,13892
1L CONVERGENTE COM,KONECTA PERU,2025-05-01,249388,120836,13608386,2660607,34858,1583,7857,5493,1349,34,2321,34079,195,188,454,260,454,3293,7264,9126,24781
1L CONVERGENTE COM,KONECTA PERU,2025-06-01,390419,294017,22371406,4279866,54605,1354,9504,6844,1200,6,2647,54715,556,426,1160,694,1160,4625,11765,15138,43857
1L CONVERGENTE COM,KONECTA PERU,2025-07-01,401432,229329,23910955,4438483,55981,1616,10312,7139,1514,10,3163,55953,706,424,1305,826,1305,4273,11284,14725,44176
1L CONVERGENTE COM,KONECTA PERU,2025-08-01,350700,170532,21201981,4697621,49667,991,8169,5668,916,18,2482,49621,596,359,1106,704,1106,3969,9863,13212,40485
1L CONVERGENTE COM,KONECTA PERU,2025-09-01,267139,131930,16438826,2723676,39599,791,6767,4923,685,11,1809,39647,580,396,1142,725,1142,4064,8653,11004,32174
1L CONVERGENTE COM,KONECTA PERU,2025-10-01,350427,190505,21076470,942075,45910,1112,9878,5794,827,61,3951,53647,584,372,1136,733,1136,5682,11816,14997,42768
1L CONVERGENTE COM,KONECTA PERU,2025-11-01,300141,212648,17842097,474568,40066,872,7758,4401,805,143,3062,40268,493,251,870,582,865,2988,7572,10041,31876
1L CONVERGENTE COM,KONECTA PERU,2025-12-01,281561,141518,17022452,381419,40511,948,7186,4021,921,111,2951,40582,417,242,784,509,773,3358,7948,10146,32596
1L CONVERGENTE COM,KONECTA PERU,2026-01-01,298906,175898,18854782,420468,42103,662,6302,3743,641,139,2365,42100,513,281,920,610,911,3236,8092,10909,35248
1L CONVERGENTE COM,KONECTA PERU,2026-02-01,571611,128911,22369105,471923,43280,599,5670,3300,569,265,2073,43327,558,280,965,644,954,3244,8856,11865,37150
1L CONVERGENTE COM,KONECTA PERU,2026-03-01,513466,144536,22582034,453855,46967,416,6203,3607,396,202,2387,45715,572,295,1000,675,990,3422,9674,12772,39179
1L CONVERGENTE COM,KONECTA PERU,2026-04-01,289491,228257,20198238,842359,46545,648,8561,4665,630,457,3435,46091,601,215,932,681,921,3387,8824,11756,37338
1L CONVERGENTE COM,KONECTA PERU,2026-05-01,297106,226711,18808769,891690,44845,569,7706,4403,546,413,2889,45326,514,173,788,570,743,2811,7780,10847,37058
1L CONVERGENTE COM,KONECTA PERU,2026-06-01,315689,250931,22875848,652383,53245,622,8104,4539,581,462,3103,53307,519,175,791,571,736,3609,9487,12842,44674
1L CONVERGENTE COM,KONECTA PERU,2026-07-01,329797,263486,23394159,501382,55288,735,7939,4165,693,420,3347,55263,577,207,904,684,892,3578,9184,12712,46600
1L CONVERGENTE COM,KONECTA PERU,2026-08-01,346643,339523,23502750,465811,56670,453,7432,3888,425,506,3031,56103,655,218,983,738,970,3707,9845,13677,48288
1L CONVERGENTE COM,KONECTA PERU,2026-09-01,242074,202486,16031294,158846,39535,348,6446,3626,318,400,2396,42907,409,109,574,452,565,2882,7369,9548,36153
1L CONVERGENTE COM,MOVISTAR,2025-01-01,1065228,79566,9871897,1667617,39350,1983,11277,8178,1654,21,3078,39274,360,210,659,452,659,2040,4946,6637,26051
1L CONVERGENTE COM,MOVISTAR,2025-02-01,1065853,84207,9134905,1524960,35734,1724,10781,7737,1482,15,3029,35681,320,176,567,408,567,1900,4567,5945,23215
1L CONVERGENTE COM,MOVISTAR,2025-03-01,895065,63531,8439648,1675149,30788,1397,8585,6353,1249,14,2218,28365,266,163,504,333,504,1466,3760,5110,19855
1L CONVERGENTE COM,MOVISTAR,2025-04-01,1033379,94085,10002561,1856939,36407,1858,10730,7975,1658,21,2734,36379,331,150,560,400,560,1783,4513,6062,23841
1L CONVERGENTE COM,MOVISTAR,2025-05-01,813536,121796,9533551,1788156,32486,1529,9283,6969,1386,13,2301,32431,378,144,622,467,622,1555,4183,5616,21674
1L CONVERGENTE COM,MOVISTAR,2026-06-01,1731990,216379,20421698,3447859,61712,1274,14268,10962,1204,58,3248,61840,600,274,1037,708,984,3472,8267,10946,46404
1L CONVERGENTE COM,MOVISTAR,2026-07-01,1521306,193459,19280220,2783507,57390,1035,12396,9372,974,55,2969,57553,666,263,1095,829,1084,3222,7385,9957,44124
1L CONVERGENTE COM,MOVISTAR,2026-08-01,1520892,194920,19286570,2988591,54449,667,11318,8453,618,101,2764,54278,717,244,1128,878,1121,2670,6884,9362,42360
1L CONVERGENTE COM,MOVISTAR,2026-09-01,1061941,139961,14456165,2091007,41191,471,7986,6091,428,79,1816,43374,413,159,654,498,648,2252,5774,7476,34931
1L CONVERGENTE CROSSELLING,ATENTO ARGENTINA,2025-01-01,1295740,1001397,23050678,2182551,64258,960,7378,5031,766,109,2234,63432,1562,491,2523,2057,2523,2916,8823,12626,55135
1L CONVERGENTE CROSSELLING,ATENTO ARGENTINA,2025-02-01,829301,1111247,20447471,1543945,54757,737,6477,4153,640,60,2259,54588,1229,446,2048,1622,2048,2493,7968,11136,47416
1L CONVERGENTE CROSSELLING,ATENTO ARGENTINA,2025-03-01,730927,1041605,18224924,1280770,48280,630,5460,3442,565,53,1952,45764,1046,353,1666,1313,1666,2425,7382,10463,41774
1L CONVERGENTE CROSSELLING,ATENTO ARGENTINA,2025-04-01,856594,1063975,19187851,1494198,48829,661,6054,3951,626,83,2014,47831,1125,349,1798,1455,1798,2267,6993,9917,41118
1L CONVERGENTE CROSSELLING,ATENTO ARGENTINA,2025-05-01,906959,1079360,18548922,1585216,47285,744,5934,3691,703,95,2138,47221,1040,270,1606,1359,1606,2392,7439,10570,40633
1L CONVERGENTE CROSSELLING,ATENTO ARGENTINA,2025-06-01,758020,818992,15885862,1435921,43323,734,5077,3241,672,113,1722,43282,892,264,1387,1138,1387,2271,7248,9996,37490
1L CONVERGENTE CROSSELLING,ATENTO ARGENTINA,2025-07-01,1013986,748933,22060211,2371010,59091,1141,7061,4358,1079,159,2538,59042,1475,390,2226,1833,2226,2638,8844,12491,50939
1L CONVERGENTE CROSSELLING,ATENTO ARGENTINA,2025-08-01,756554,929517,20549564,1652339,51863,823,6320,4362,754,82,1867,51825,1421,335,2148,1796,2148,2142,6894,10186,44715
1L CONVERGENTE CROSSELLING,ATENTO ARGENTINA,2025-09-01,737640,925782,20832596,1721325,54479,1129,7035,4883,1025,148,2002,54434,1568,383,2339,1966,2339,2515,7530,10631,46270
1L CONVERGENTE CROSSELLING,ATENTO ARGENTINA,2025-10-01,784908,890259,20371313,1965368,54549,1345,6827,4914,1246,123,1777,54206,1532,374,2276,1908,2276,2523,7487,10406,46087
1L CONVERGENTE CROSSELLING,ATENTO ARGENTINA,2025-11-01,720379,749776,18320984,1798523,47743,1190,5744,4025,1079,105,1553,47675,1312,289,1901,1586,1892,2007,6466,9266,40865
1L CONVERGENTE CROSSELLING,ATENTO ARGENTINA,2025-12-01,794493,605595,15193944,1613230,41665,1080,4940,3422,997,125,1337,41466,1088,304,1619,1313,1597,1771,5556,7754,35548
1L CONVERGENTE CROSSELLING,ATENTO ARGENTINA,2026-01-01,734274,636862,17084892,1891057,47077,1201,6406,4305,1067,194,1827,46532,1075,287,1628,1333,1617,2024,6194,8893,39046
1L CONVERGENTE CROSSELLING,ATENTO ARGENTINA,2026-02-01,1069150,324116,17026572,1849425,45994,1276,5881,3553,1158,316,1955,45929,896,263,1368,1091,1358,2326,7431,10603,38907
1L CONVERGENTE CROSSELLING,ATENTO ARGENTINA,2026-03-01,1090489,436593,17113958,1861109,47499,1288,6523,3981,1193,272,2268,47647,899,265,1392,1100,1370,2314,7069,9851,39897
1L CONVERGENTE CROSSELLING,ATENTO ARGENTINA,2026-04-01,1084740,458596,16594799,1706647,46143,1051,6225,3953,987,266,1990,46239,982,264,1474,1212,1460,2210,6740,9578,39400
1L CONVERGENTE CROSSELLING,ATENTO ARGENTINA,2026-05-01,928979,404532,14282806,1407049,40319,908,5637,3731,860,193,1711,40661,779,204,1151,891,1099,1895,5604,8022,34172
1L CONVERGENTE CROSSELLING,ATENTO ARGENTINA,2026-06-01,818585,363759,12650049,1406853,36177,909,5349,3520,876,210,1619,36236,528,138,768,591,714,1903,5537,7708,30087
1L CONVERGENTE CROSSELLING,ATENTO ARGENTINA,2026-07-01,654422,400344,10130320,943970,28968,607,4421,2732,574,134,1555,29007,500,112,734,591,722,1466,4129,5931,23972
1L CONVERGENTE CROSSELLING,ATENTO ARGENTINA,2026-08-01,749828,388134,11582089,954550,32377,676,4695,2990,643,161,1542,32295,632,167,936,761,931,1613,4696,6830,26985
1L CONVERGENTE CROSSELLING,ATENTO ARGENTINA,2026-09-01,502477,321897,7551073,631573,21667,253,3467,2373,226,94,1000,22835,395,105,569,449,563,1062,3089,4207,19123
1L CONVERGENTE PAGOS,ATENTO ARGENTINA,2025-01-01,875140,163131,18115046,1207397,53352,75,100,20,64,1,78,53377,394,250,719,491,719,4576,11482,15358,53187
1L CONVERGENTE PAGOS,ATENTO ARGENTINA,2025-02-01,803550,135507,16685530,1075891,49469,73,112,8,66,,99,49217,346,253,673,448,673,4245,11002,14444,49034
1L CONVERGENTE PAGOS,ATENTO ARGENTINA,2025-03-01,843442,133231,16145759,1188868,48709,84,304,14,60,3,284,47281,277,198,528,348,528,3902,11310,14730,48301
1L CONVERGENTE PAGOS,ATENTO ARGENTINA,2025-04-01,421534,90754,9480010,526472,27639,23,105,,18,,105,27642,189,93,316,226,316,2331,6085,8009,27507
1L CONVERGENTE PAGOS,ATENTO ARGENTINA,2025-05-01,459057,81859,8729659,676028,26122,25,92,1,15,4,86,26106,173,83,288,203,288,2363,6040,7898,25985
1L CONVERGENTE PAGOS,ATENTO ARGENTINA,2026-03-01,585905,110202,13241374,727429,36252,12,109,1,9,10,98,36373,190,107,344,241,342,2979,8224,10683,36135
1L CONVERGENTE PAGOS,ATENTO ARGENTINA,2026-04-01,1005954,140500,21226575,1297101,59988,29,557,2,22,7,535,60168,334,150,537,397,532,4867,13637,17895,59450
1L CONVERGENTE PAGOS,ATENTO ARGENTINA,2026-05-01,1033819,164475,23010557,1501725,66267,12,626,14,9,10,602,66961,414,199,702,485,668,5502,15049,19787,66111
1L CONVERGENTE PAGOS,ATENTO ARGENTINA,2026-06-01,1044825,162923,22533238,1606748,62914,17,967,4,12,7,956,63167,380,171,618,424,583,5107,13570,17827,61979
1L CONVERGENTE PAGOS,ATENTO ARGENTINA,2026-07-01,1029480,204609,22098000,1575592,63350,1,1094,4,1,3,1087,63577,389,202,661,467,656,5170,13863,18278,62180
1L CONVERGENTE PAGOS,ATENTO ARGENTINA,2026-08-01,1027408,149603,22471804,1726706,63135,7,1365,1,5,2,1362,62974,428,189,705,507,699,5133,14283,18955,61411
1L CONVERGENTE PAGOS,ATENTO ARGENTINA,2026-09-01,715581,122348,15981064,1132341,44727,9,857,,6,3,854,46824,299,144,496,347,490,3701,9878,12762,45776
1L CONVERGENTE TECNICA,ATENTO ARGENTINA,2025-01-01,1206804,1792732,24124110,2238437,59982,5346,4441,1165,1,3228,40,59597,926,538,1700,1103,1700,3696,10904,15006,49345
1L CONVERGENTE TECNICA,ATENTO ARGENTINA,2025-02-01,1270140,1727190,25154456,2098337,56955,3341,4212,864,5,3285,58,55897,947,502,1734,1179,1734,3572,11008,15190,48455
1L CONVERGENTE TECNICA,ATENTO ARGENTINA,2025-03-01,1416739,1702681,28220882,2180693,64717,3675,5043,1002,150,3927,100,61732,984,591,1878,1188,1878,3819,12338,17566,55406
1L CONVERGENTE TECNICA,ATENTO ARGENTINA,2025-04-01,1289235,1779977,27822949,1922557,62502,3231,4665,1077,42,3513,70,62084,958,558,1780,1157,1780,3886,12425,17128,54224
1L CONVERGENTE TECNICA,ATENTO ARGENTINA,2025-05-01,1407402,1909399,29800185,1994244,63442,3054,4788,1079,23,3669,35,63041,1009,524,1853,1227,1853,3668,12472,17641,55208
1L CONVERGENTE TECNICA,ATENTO ARGENTINA,2025-06-01,1240594,1714026,25897359,1645602,60663,2991,4849,1067,8,3733,48,60435,971,542,1755,1104,1755,3623,12988,17842,52757
1L CONVERGENTE TECNICA,ATENTO ARGENTINA,2025-07-01,1457515,2531892,34249228,2448540,73184,4298,5301,1166,4,4077,57,72826,1346,677,2384,1574,2384,4480,15446,21207,63408
1L CONVERGENTE TECNICA,ATENTO ARGENTINA,2025-08-01,1064538,2090348,25661471,1618086,56272,2601,4074,798,5,3246,26,55931,1181,509,1977,1381,1977,3401,10996,15273,49256
1L CONVERGENTE TECNICA,ATENTO ARGENTINA,2025-09-01,928459,2010046,23637766,1590413,51437,1950,4204,811,5,3362,31,50954,1127,435,1839,1327,1839,3060,9690,13274,44807
1L CONVERGENTE TECNICA,ATENTO ARGENTINA,2025-10-01,1096751,2073862,25314288,1984802,54949,1970,4298,894,8,3359,39,54200,1117,480,1896,1323,1896,3107,10118,13943,47891
1L CONVERGENTE TECNICA,ATENTO ARGENTINA,2025-11-01,904573,1995930,21514119,1678081,47571,1538,3493,631,6,2822,26,46507,1024,399,1664,1182,1656,2787,8762,12022,41486
1L CONVERGENTE TECNICA,ATENTO ARGENTINA,2025-12-01,599116,1662727,16664497,1097595,37485,1288,2870,442,9,2364,50,36711,681,330,1187,797,1178,2030,6834,9047,32711
1L CONVERGENTE TECNICA,ATENTO ARGENTINA,2026-01-01,572591,1536031,15649411,905323,34773,1368,2487,376,7,2055,44,34512,631,286,1059,741,1050,1862,5951,8196,30633
1L CONVERGENTE TECNICA,ATENTO ARGENTINA,2026-02-01,625717,1238225,15557912,849101,34290,1228,2647,294,1,2305,43,34030,594,296,1030,711,1020,1859,6439,8624,30274
1L CONVERGENTE TECNICA,ATENTO ARGENTINA,2026-03-01,587559,1450025,16453127,763561,36274,1227,2968,363,10,2555,50,36158,529,261,939,642,927,1973,6830,9078,31759
1L CONVERGENTE TECNICA,ATENTO ARGENTINA,2026-04-01,461617,1307329,13262250,485260,28820,910,2326,264,1,2016,46,29065,491,232,827,584,818,1533,5574,7677,25734
1L CONVERGENTE TECNICA,ATENTO ARGENTINA,2026-05-01,423385,1225192,11653882,395237,25595,826,2331,337,,1900,94,26024,398,186,676,464,643,1466,5146,6992,22732
1L CONVERGENTE TECNICA,ATENTO ARGENTINA,2026-06-01,445308,1036579,11673952,368120,25511,790,2413,332,,1996,85,25134,373,160,607,414,583,1500,4938,6674,21844
1L CONVERGENTE TECNICA,ATENTO ARGENTINA,2026-07-01,456900,949599,11193728,338813,24099,778,2184,326,,1758,100,23870,347,143,560,395,552,1431,4461,6065,20778
1L CONVERGENTE TECNICA,ATENTO ARGENTINA,2026-08-01,554372,1054999,12035918,414767,25683,862,2478,383,,1963,132,25856,400,194,699,477,688,1394,5034,6928,22385
1L CONVERGENTE TECNICA,ATENTO ARGENTINA,2026-09-01,397633,799203,8658147,354094,18436,687,1572,349,,1105,118,19416,269,138,482,324,478,1031,3488,4594,17066
1L CONVERGENTE TECNICA,KONECTA ARGENTINA,2025-01-01,2797982,1756934,36162308,3333041,91945,8051,8011,2845,19,4832,321,91288,1275,823,2471,1579,2471,6436,17648,23968,75099
1L CONVERGENTE TECNICA,KONECTA ARGENTINA,2025-02-01,2879325,2036153,38155513,3445615,89668,6721,8038,2433,10,5383,221,89063,1444,863,2711,1745,2711,6460,18136,24460,74419
1L CONVERGENTE TECNICA,KONECTA ARGENTINA,2025-03-01,3495773,2372016,45817864,4281995,105254,5819,8938,2322,36,6394,221,100164,1543,969,2972,1886,2972,7567,21719,30210,89442
1L CONVERGENTE TECNICA,KONECTA ARGENTINA,2025-04-01,3280773,2272826,43769248,3591275,99371,4786,7044,2049,2,4822,170,94488,1417,842,2686,1721,2686,6903,19787,26930,82644
1L CONVERGENTE TECNICA,KONECTA ARGENTINA,2025-05-01,2407904,1802419,35493862,2223051,80641,3921,6297,1669,,4490,138,79996,1189,678,2233,1448,2233,5642,16833,23255,69763
1L CONVERGENTE TECNICA,KONECTA ARGENTINA,2025-06-01,1781190,1388401,26436272,1512645,65661,3402,5753,1417,,4203,130,65360,918,521,1688,1104,1688,4377,14396,19744,56359
1L CONVERGENTE TECNICA,KONECTA ARGENTINA,2025-07-01,1873591,1512242,26539245,1703790,60322,3466,4704,1330,,3245,126,60000,914,544,1723,1096,1723,3998,13328,18000,51887
1L CONVERGENTE TECNICA,KONECTA ARGENTINA,2025-08-01,1199110,1317161,23099516,1106752,52356,1687,3747,1081,,2628,36,52056,989,456,1726,1199,1726,3370,10296,14531,46587
1L CONVERGENTE TECNICA,KONECTA ARGENTINA,2025-09-01,1180046,1324411,22789057,1081404,49838,1711,3932,1235,,2649,48,49559,960,410,1601,1129,1601,3282,9858,13518,43914
1L CONVERGENTE TECNICA,KONECTA ARGENTINA,2025-10-01,1243705,1319445,23068211,1161390,50726,1816,3980,1248,,2660,65,50228,917,479,1647,1114,1647,2951,9577,13185,44402
1L CONVERGENTE TECNICA,KONECTA ARGENTINA,2025-11-01,1092746,1192249,18978190,956016,42691,1393,3340,937,,2319,76,42433,819,397,1404,955,1400,2687,8384,11486,37707
1L CONVERGENTE TECNICA,KONECTA ARGENTINA,2025-12-01,905929,1119517,16883198,852971,36891,1242,3102,772,,2244,76,36217,663,342,1166,763,1153,2071,6913,9136,31995
1L CONVERGENTE TECNICA,KONECTA ARGENTINA,2026-01-01,901886,1093453,15630386,794003,33239,1192,2689,789,,1816,64,32992,623,258,1049,746,1036,1752,6011,8115,29089
1L CONVERGENTE TECNICA,KONECTA ARGENTINA,2026-02-01,893478,876703,15517646,638442,32312,1109,2783,684,,1996,83,32145,509,270,921,645,913,1668,6124,8181,28329
1L CONVERGENTE TECNICA,KONECTA ARGENTINA,2026-03-01,943348,1029536,16891122,667332,36382,1429,3608,968,,2519,121,36514,602,242,991,714,981,2049,6891,9135,31322
1L CONVERGENTE TECNICA,KONECTA ARGENTINA,2026-04-01,957376,1033399,17381032,804528,36779,1425,3595,904,,2587,99,36740,536,282,965,652,957,2082,6978,9574,31728
1L CONVERGENTE TECNICA,KONECTA ARGENTINA,2026-05-01,826673,1107288,15176659,802406,31391,1131,3255,1007,,2146,101,31844,485,236,833,529,789,1750,5988,8270,27268
1L CONVERGENTE TECNICA,KONECTA ARGENTINA,2026-06-01,838192,1005396,15269514,827764,30508,1026,3317,1038,,2144,134,30635,441,205,748,486,693,1702,5636,7734,26203
1L CONVERGENTE TECNICA,KONECTA ARGENTINA,2026-07-01,724118,977133,13803404,665477,28464,942,3080,966,,1986,128,28661,386,205,682,455,675,1668,5199,7225,24455
1L CONVERGENTE TECNICA,KONECTA ARGENTINA,2026-08-01,828053,1288344,15393188,754930,29786,1032,3380,1107,1,2107,164,30014,461,219,784,522,775,1490,5475,7764,25482
1L CONVERGENTE TECNICA,KONECTA ARGENTINA,2026-09-01,566360,845208,11387823,487913,22687,818,2557,938,,1331,287,24013,340,158,566,391,559,1172,4044,5334,19969
2L CONVERGENTE RETENCION,ATENTO ARGENTINA,2025-01-01,368171,175936,8797859,1487513,20348,432,1063,,386,6,1057,20032,508,181,847,707,847,518,1677,2993,18532
2L CONVERGENTE RETENCION,ATENTO ARGENTINA,2025-02-01,316589,157099,7826645,1172255,17969,333,851,,301,4,847,17599,430,127,684,584,684,492,1487,2526,16411
2L CONVERGENTE RETENCION,ATENTO ARGENTINA,2025-03-01,301208,135305,7181123,1027138,16353,344,884,12,300,2,870,14986,414,132,653,555,653,480,1464,2519,14734
2L CONVERGENTE RETENCION,ATENTO ARGENTINA,2025-04-01,300244,147643,7153824,954928,16737,326,805,,301,5,800,16431,435,122,667,573,667,474,1476,2460,15301
2L CONVERGENTE RETENCION,ATENTO ARGENTINA,2025-05-01,312255,156770,7087944,904983,16365,315,833,,291,4,829,16081,496,140,764,659,764,453,1460,2542,14953
2L CONVERGENTE RETENCION,ATENTO ARGENTINA,2025-06-01,266649,90881,6230242,981572,14752,328,741,,288,5,736,14417,457,111,700,614,700,427,1375,2299,13344
2L CONVERGENTE RETENCION,ATENTO ARGENTINA,2025-07-01,312102,98046,7192202,1239439,17431,368,1026,,344,20,1006,17089,535,175,841,717,841,532,1728,2915,15703
2L CONVERGENTE RETENCION,ATENTO ARGENTINA,2025-08-01,314233,114992,6987233,1312095,17234,331,1061,,297,20,1041,16834,507,139,795,695,795,552,1620,2831,15432
2L CONVERGENTE RETENCION,ATENTO ARGENTINA,2025-09-01,277873,89899,6790770,1278365,16527,304,1079,,274,11,1068,16039,513,126,774,673,774,508,1418,2418,14631
2L CONVERGENTE RETENCION,ATENTO ARGENTINA,2025-10-01,275056,73435,6210256,1214590,15182,297,944,,265,23,921,14754,460,121,708,611,708,510,1357,2279,13507
2L CONVERGENTE RETENCION,ATENTO ARGENTINA,2025-11-01,231155,52647,5136348,1039333,12290,185,1028,2,162,30,996,11993,336,105,537,440,533,460,1193,1947,10775
2L CONVERGENTE RETENCION,ATENTO ARGENTINA,2025-12-01,241760,56075,5348578,1072194,12779,241,915,1,211,23,891,12424,312,104,499,415,495,471,1207,1862,11251
2L CONVERGENTE RETENCION,ATENTO ARGENTINA,2026-01-01,291601,58694,6781163,1258671,15233,213,725,,190,13,711,14866,320,110,510,410,508,581,1503,2459,13926
2L CONVERGENTE RETENCION,ATENTO ARGENTINA,2026-02-01,339715,57151,6695364,1276005,14937,183,728,,163,29,699,14558,203,70,332,272,328,556,1651,2576,13637
2L CONVERGENTE RETENCION,ATENTO ARGENTINA,2026-03-01,357273,87940,8433320,1412926,18410,236,1039,,207,23,1016,18222,406,154,660,544,653,600,1869,2921,16706
2L CONVERGENTE RETENCION,ATENTO ARGENTINA,2026-04-01,331942,79176,8117435,844210,17667,182,829,3,160,29,797,17528,405,128,666,558,656,597,1684,2812,16386
2L CONVERGENTE RETENCION,ATENTO ARGENTINA,2026-05-01,323715,87491,7877666,658747,16943,127,743,10,110,22,711,16754,326,127,542,402,508,595,1582,2622,15643
2L CONVERGENTE RETENCION,ATENTO ARGENTINA,2026-06-01,362246,131811,9038138,1013024,18570,160,709,7,138,16,686,18438,304,106,484,361,446,690,1766,2809,17275
2L CONVERGENTE RETENCION,ATENTO ARGENTINA,2026-07-01,342485,132122,7884921,1194450,16597,156,695,1,132,26,668,16541,274,105,456,358,449,727,1777,2827,15467
2L CONVERGENTE RETENCION,ATENTO ARGENTINA,2026-08-01,352577,94479,8001104,1189327,16500,115,689,,104,27,662,16396,265,128,473,373,469,562,1610,2590,15424
2L CONVERGENTE RETENCION,ATENTO ARGENTINA,2026-09-01,275075,65886,5824196,729833,12566,95,502,,80,16,486,13271,211,75,334,258,333,457,1243,1881,12517
2L CONVERGENTE RETENCION,KONECTA ARGENTINA,2025-01-01,1061886,169119,15214019,1095224,34412,820,1641,21,710,21,1599,33847,791,258,1313,1130,1313,1311,3206,5546,31352
2L CONVERGENTE RETENCION,KONECTA ARGENTINA,2025-02-01,983892,181639,13212208,991682,29862,710,1154,4,611,13,1137,29220,693,264,1170,996,1170,1159,2879,4779,27317
2L CONVERGENTE RETENCION,KONECTA ARGENTINA,2025-03-01,863166,167516,12302897,837936,27627,647,964,,558,15,949,24917,708,211,1132,978,1132,960,2565,4367,25077
2L CONVERGENTE RETENCION,KONECTA ARGENTINA,2025-04-01,935071,148345,13437231,866027,30188,741,1095,1,662,24,1070,28440,718,226,1128,969,1128,1034,2667,4485,26605
2L CONVERGENTE RETENCION,KONECTA ARGENTINA,2025-05-01,946997,158649,12914590,666175,29215,734,1069,,635,39,1030,28209,753,203,1153,1013,1153,915,2582,4438,26412
2L CONVERGENTE RETENCION,KONECTA ARGENTINA,2025-06-01,909993,153156,12119738,684934,27221,684,1074,2,596,36,1036,26688,693,199,1095,956,1095,911,2483,4112,24905
2L CONVERGENTE RETENCION,KONECTA ARGENTINA,2025-07-01,1049359,167257,13979190,786414,31409,849,1246,,760,30,1216,30779,795,265,1278,1073,1278,1103,3005,5100,28655
2L CONVERGENTE RETENCION,KONECTA ARGENTINA,2025-08-01,783241,95887,11271488,496632,25119,703,1024,,615,8,1016,24421,747,206,1152,997,1152,875,2209,3757,22664
2L CONVERGENTE RETENCION,KONECTA ARGENTINA,2025-09-01,837559,125386,12843733,638394,27681,735,1216,,650,19,1197,26906,919,224,1390,1221,1390,983,2441,4073,24912
2L CONVERGENTE RETENCION,KONECTA ARGENTINA,2025-10-01,817116,143651,12075981,631565,26642,795,1270,,694,13,1257,25896,811,238,1220,1051,1220,1032,2483,4088,23802
2L CONVERGENTE RETENCION,KONECTA ARGENTINA,2025-11-01,681567,95505,10216049,577627,22651,668,1076,,555,20,1055,22094,645,190,974,821,969,958,2243,3526,20334
2L CONVERGENTE RETENCION,KONECTA ARGENTINA,2025-12-01,688585,93273,10484594,700851,23039,600,1025,,512,10,1015,22266,628,203,973,816,963,941,2123,3389,20606
2L CONVERGENTE RETENCION,KONECTA ARGENTINA,2026-01-01,806145,103471,12392701,724620,26632,617,976,,513,25,951,25929,536,163,826,679,818,1125,2564,4227,24300
2L CONVERGENTE RETENCION,KONECTA ARGENTINA,2026-02-01,753567,104259,10068584,602139,21816,541,774,,464,17,757,21236,267,74,402,342,399,886,2187,3542,19929
2L CONVERGENTE RETENCION,KONECTA ARGENTINA,2026-03-01,730150,90632,10748597,600698,23047,602,706,,517,3,703,22747,426,157,711,583,701,943,2284,3593,21175
2L CONVERGENTE RETENCION,KONECTA ARGENTINA,2026-04-01,770261,84006,11963815,517439,24619,480,749,2,389,3,744,24456,556,194,888,759,886,998,2426,4044,23009
2L CONVERGENTE RETENCION,KONECTA ARGENTINA,2026-05-01,784948,116886,12214256,649184,25730,491,846,,396,7,839,25506,556,169,856,669,803,1030,2323,3925,23803
2L CONVERGENTE RETENCION,KONECTA ARGENTINA,2026-06-01,853055,122718,13905256,769686,27880,520,1012,,463,10,1002,27614,409,190,691,489,642,1099,2646,4259,25699
2L CONVERGENTE RETENCION,KONECTA ARGENTINA,2026-07-01,870959,184845,14793174,909705,29149,529,926,9,446,13,904,28799,510,203,863,674,844,1285,2766,4602,26962
2L CONVERGENTE RETENCION,KONECTA ARGENTINA,2026-08-01,948044,199811,16265754,838698,31015,497,1020,1,441,4,1015,30763,592,231,978,796,969,1151,2954,4829,28956
2L CONVERGENTE RETENCION,KONECTA ARGENTINA,2026-09-01,660587,131020,11211653,625208,21938,440,707,,354,11,696,23079,351,125,562,451,559,807,2041,3088,21686
